method,reached_target_rate,mean_travel_time,collision_rate,avg_safety_violations,cut_in_rate,cut_out_rate,mean_min_front_distance,worst_min_front_distance,mean_front_distance,mean_speed,max_speed,avg_total_reward,mean_abs_acceleration,mean_cbf_correction,max_cbf_correction,cbf_intervention_rate
PPO + CBF,0.95,201.76000000000002,0.05,20.45,1.0,0.95,7.765215775262443,1.917416354316515,243.17866057910322,19.132702070857313,31.825814636186056,2440.805071860316,0.2133175610698447,0.11229724708040707,4.022779724299907,0.9406689772354134
PPO without CBF,0.0,30.535000000000004,1.0,49.65,0.25,0.0,1.7349077741188381,1.268893235861185,30.53926595496921,20.939562110898944,21.971005438749994,-972.3442491922117,0.06778007740357576,0.0,0.0,0.0
