method,reached_target_rate,mean_travel_time,collision_rate,avg_safety_violations,cut_in_rate,cut_out_rate,mean_min_front_distance,worst_min_front_distance,mean_front_distance,mean_speed,max_speed,avg_total_reward,mean_abs_acceleration,mean_cbf_correction,max_cbf_correction,cbf_intervention_rate
PPO + CBF,0.85,173.54500000000002,0.15,160.9,1.0,0.85,5.992840643036303,1.8080834247107305,43.29109682006887,20.527401399023073,33.60557882378633,-18738.261742108512,0.7348492235465425,0.1583529756425175,3.6270895420511566,0.18769213606131627
PPO without CBF,0.0,18.98,1.0,80.45,0.0,0.0,1.8556379407516246,1.5558497374868239,17.601618493050243,21.716925263951428,23.09814849341548,-5937.154751195489,0.37116037590014545,0.0,0.0,0.0
