method,reached_target_rate,mean_travel_time,collision_rate,avg_safety_violations,cut_in_rate,cut_out_rate,mean_min_front_distance,worst_min_front_distance,mean_front_distance,mean_speed,max_speed,avg_total_reward,mean_abs_acceleration,mean_cbf_correction,max_cbf_correction,cbf_intervention_rate
PPO + CBF,0.95,191.4,0.05,9.3,1.0,0.95,8.836558431535867,1.9397847511738746,43.74414752705469,20.14574035692358,35.518791058815296,3409.8443519807356,1.2415974703889987,0.005298373724269657,0.22078977480530737,0.16376128366641118
PPO without CBF,0.95,191.4,0.05,9.25,1.0,0.95,8.837647131221974,1.939698187116278,43.744072019431016,20.14572013790139,35.518901122677356,3409.3214285946315,1.2415480002399415,0.0,0.0,0.0
