method,reached_target_rate,mean_travel_time,collision_rate,avg_safety_violations,cut_in_rate,cut_out_rate,mean_min_front_distance,worst_min_front_distance,mean_front_distance,mean_speed,max_speed,avg_total_reward,mean_abs_acceleration,mean_cbf_correction,max_cbf_correction,cbf_intervention_rate
PPO + CBF,0.9,183.725,0.1,144.2,1.0,0.9,6.160335015435474,1.7822496717906233,42.18261957989363,20.178340932247444,33.689057081380426,-19903.92079455805,0.8810999461685114,0.18091318636414458,3.5668816654073696,0.13899155493213716
PPO without CBF,0.0,20.62,1.0,95.3,0.0,0.0,1.7712966935487515,1.3180738518036605,16.637193501513313,21.42284357197657,23.075416777284662,-6643.242251786249,0.4035035626830242,0.0,0.0,0.0
