method,reached_target_rate,mean_travel_time,collision_rate,avg_safety_violations,cut_in_rate,cut_out_rate,mean_min_front_distance,worst_min_front_distance,mean_front_distance,mean_speed,max_speed,avg_total_reward,mean_abs_acceleration,mean_cbf_correction,max_cbf_correction,cbf_intervention_rate
PPO + CBF,0.95,198.24,0.05,19.65,1.0,0.95,7.603207694701922,1.8733804769626659,175.67664188214263,19.490777183126983,29.685840774482777,2598.2391474778406,0.20159785378105277,0.11685343582149735,4.068758583068847,0.9600138711689311
PPO without CBF,0.0,32.57000000000001,1.0,58.7,0.15,0.0,1.8053022235089968,1.3120647805872068,27.79878077265635,21.00852833973927,22.10893789637589,-1001.7203150091755,0.06778007743548951,0.0,0.0,0.0
