method,reached_target_rate,mean_travel_time,collision_rate,avg_safety_violations,cut_in_rate,cut_out_rate,mean_min_front_distance,worst_min_front_distance,mean_front_distance,mean_speed,max_speed,avg_total_reward,mean_abs_acceleration,mean_cbf_correction,max_cbf_correction,cbf_intervention_rate
PPO + CBF,0.95,191.4,0.05,4.05,1.0,0.95,8.836760851091663,1.9397002604553109,43.7449515419722,20.145676663555303,35.51941605881528,3508.3049670038645,1.2420877238417105,0.015540600519275718,0.12545524783432477,0.6045131087595923
PPO without CBF,0.95,191.4,0.05,4.05,1.0,0.95,8.837647131221974,1.939698187116278,43.744072019431016,20.14572013790139,35.518901122677356,3508.426202893485,1.2415480002399415,0.0,0.0,0.0
