method,reached_target_rate,mean_travel_time,collision_rate,avg_safety_violations,cut_in_rate,cut_out_rate,mean_min_front_distance,worst_min_front_distance,mean_front_distance,mean_speed,max_speed,avg_total_reward,mean_abs_acceleration,mean_cbf_correction,max_cbf_correction,cbf_intervention_rate
PPO + CBF,0.95,187.66000000000003,0.05,9.7,1.0,0.95,8.760628930816859,1.885636647858064,40.79258342038413,20.55699966160535,35.36227067343059,3485.895339443853,0.9269589034062065,0.005799211783084299,0.3376382085680961,0.17473839523227255
PPO without CBF,0.95,187.66000000000003,0.05,9.8,1.0,0.95,8.760297926999176,1.8854825225502054,40.7911744820302,20.557001106506156,35.36216162773693,3485.046460854575,0.9267672388846175,0.0,0.0,0.0
