method,reached_target_rate,mean_travel_time,collision_rate,avg_safety_violations,cut_in_rate,cut_out_rate,mean_min_front_distance,worst_min_front_distance,mean_front_distance,mean_speed,max_speed,avg_total_reward,mean_abs_acceleration,mean_cbf_correction,max_cbf_correction,cbf_intervention_rate
PPO + CBF,0.95,187.66000000000003,0.05,5.0,1.0,0.95,8.760859292756658,1.8836188424143074,40.79196606597718,20.55702039794892,35.362520673430524,3596.0596784395593,0.9283824733951308,0.016977606489015057,0.2278486350178718,0.6553373492665238
PPO without CBF,0.95,187.66000000000003,0.05,5.0,1.0,0.95,8.760297926999176,1.8854825225502054,40.7911744820302,20.557001106506156,35.36216162773693,3596.0980667811796,0.9267672388846175,0.0,0.0,0.0
